table_name,rows,columns,parquet_path,csv_path
api_collection_log,690,10,C:\Users\a.payzant\OneDrive - DK Crown Holdings Inc\Desktop\PLL_App_Deploy\data\curated_data\all_requested_seasons\api_collection_log.parquet,C:\Users\a.payzant\OneDrive - DK Crown Holdings Inc\Desktop\PLL_App_Deploy\data\curated_data\all_requested_seasons\api_collection_log.csv
defensive_opponent_build_quality,9,5,C:\Users\a.payzant\OneDrive - DK Crown Holdings Inc\Desktop\PLL_App_Deploy\data\curated_data\all_requested_seasons\defensive_opponent_build_quality.parquet,C:\Users\a.payzant\OneDrive - DK Crown Holdings Inc\Desktop\PLL_App_Deploy\data\curated_data\all_requested_seasons\defensive_opponent_build_quality.csv
event_list_probe_summary,15,7,C:\Users\a.payzant\OneDrive - DK Crown Holdings Inc\Desktop\PLL_App_Deploy\data\curated_data\all_requested_seasons\event_list_probe_summary.parquet,C:\Users\a.payzant\OneDrive - DK Crown Holdings Inc\Desktop\PLL_App_Deploy\data\curated_data\all_requested_seasons\event_list_probe_summary.csv
game_discovery_log,235,24,C:\Users\a.payzant\OneDrive - DK Crown Holdings Inc\Desktop\PLL_App_Deploy\data\curated_data\all_requested_seasons\game_discovery_log.parquet,C:\Users\a.payzant\OneDrive - DK Crown Holdings Inc\Desktop\PLL_App_Deploy\data\curated_data\all_requested_seasons\game_discovery_log.csv
game_manifest,230,38,C:\Users\a.payzant\OneDrive - DK Crown Holdings Inc\Desktop\PLL_App_Deploy\data\curated_data\all_requested_seasons\game_manifest.parquet,C:\Users\a.payzant\OneDrive - DK Crown Holdings Inc\Desktop\PLL_App_Deploy\data\curated_data\all_requested_seasons\game_manifest.csv
game_possession_quality,230,20,C:\Users\a.payzant\OneDrive - DK Crown Holdings Inc\Desktop\PLL_App_Deploy\data\curated_data\all_requested_seasons\game_possession_quality.parquet,C:\Users\a.payzant\OneDrive - DK Crown Holdings Inc\Desktop\PLL_App_Deploy\data\curated_data\all_requested_seasons\game_possession_quality.csv
game_schedule_2026,53,26,C:\Users\a.payzant\OneDrive - DK Crown Holdings Inc\Desktop\PLL_App_Deploy\data\curated_data\all_requested_seasons\game_schedule_2026.parquet,C:\Users\a.payzant\OneDrive - DK Crown Holdings Inc\Desktop\PLL_App_Deploy\data\curated_data\all_requested_seasons\game_schedule_2026.csv
game_schedule_all,235,26,C:\Users\a.payzant\OneDrive - DK Crown Holdings Inc\Desktop\PLL_App_Deploy\data\curated_data\all_requested_seasons\game_schedule_all.parquet,C:\Users\a.payzant\OneDrive - DK Crown Holdings Inc\Desktop\PLL_App_Deploy\data\curated_data\all_requested_seasons\game_schedule_all.csv
orphan_stat_rows,2,7,C:\Users\a.payzant\OneDrive - DK Crown Holdings Inc\Desktop\PLL_App_Deploy\data\curated_data\all_requested_seasons\orphan_stat_rows.parquet,C:\Users\a.payzant\OneDrive - DK Crown Holdings Inc\Desktop\PLL_App_Deploy\data\curated_data\all_requested_seasons\orphan_stat_rows.csv
player_career_stats,410,70,C:\Users\a.payzant\OneDrive - DK Crown Holdings Inc\Desktop\PLL_App_Deploy\data\curated_data\all_requested_seasons\player_career_stats.parquet,C:\Users\a.payzant\OneDrive - DK Crown Holdings Inc\Desktop\PLL_App_Deploy\data\curated_data\all_requested_seasons\player_career_stats.csv
player_directory,410,14,C:\Users\a.payzant\OneDrive - DK Crown Holdings Inc\Desktop\PLL_App_Deploy\data\curated_data\all_requested_seasons\player_directory.parquet,C:\Users\a.payzant\OneDrive - DK Crown Holdings Inc\Desktop\PLL_App_Deploy\data\curated_data\all_requested_seasons\player_directory.csv
player_game_stats,8334,64,C:\Users\a.payzant\OneDrive - DK Crown Holdings Inc\Desktop\PLL_App_Deploy\data\curated_data\all_requested_seasons\player_game_stats.parquet,C:\Users\a.payzant\OneDrive - DK Crown Holdings Inc\Desktop\PLL_App_Deploy\data\curated_data\all_requested_seasons\player_game_stats.csv
player_last10_stats,410,68,C:\Users\a.payzant\OneDrive - DK Crown Holdings Inc\Desktop\PLL_App_Deploy\data\curated_data\all_requested_seasons\player_last10_stats.parquet,C:\Users\a.payzant\OneDrive - DK Crown Holdings Inc\Desktop\PLL_App_Deploy\data\curated_data\all_requested_seasons\player_last10_stats.csv
player_last5_stats,410,68,C:\Users\a.payzant\OneDrive - DK Crown Holdings Inc\Desktop\PLL_App_Deploy\data\curated_data\all_requested_seasons\player_last5_stats.parquet,C:\Users\a.payzant\OneDrive - DK Crown Holdings Inc\Desktop\PLL_App_Deploy\data\curated_data\all_requested_seasons\player_last5_stats.csv
player_ranking_profiles,2240,116,C:\Users\a.payzant\OneDrive - DK Crown Holdings Inc\Desktop\PLL_App_Deploy\data\curated_data\all_requested_seasons\player_ranking_profiles.parquet,C:\Users\a.payzant\OneDrive - DK Crown Holdings Inc\Desktop\PLL_App_Deploy\data\curated_data\all_requested_seasons\player_ranking_profiles.csv
player_season_last10_stats,1010,69,C:\Users\a.payzant\OneDrive - DK Crown Holdings Inc\Desktop\PLL_App_Deploy\data\curated_data\all_requested_seasons\player_season_last10_stats.parquet,C:\Users\a.payzant\OneDrive - DK Crown Holdings Inc\Desktop\PLL_App_Deploy\data\curated_data\all_requested_seasons\player_season_last10_stats.csv
player_season_last5_stats,1010,69,C:\Users\a.payzant\OneDrive - DK Crown Holdings Inc\Desktop\PLL_App_Deploy\data\curated_data\all_requested_seasons\player_season_last5_stats.parquet,C:\Users\a.payzant\OneDrive - DK Crown Holdings Inc\Desktop\PLL_App_Deploy\data\curated_data\all_requested_seasons\player_season_last5_stats.csv
player_season_stats,1010,70,C:\Users\a.payzant\OneDrive - DK Crown Holdings Inc\Desktop\PLL_App_Deploy\data\curated_data\all_requested_seasons\player_season_stats.parquet,C:\Users\a.payzant\OneDrive - DK Crown Holdings Inc\Desktop\PLL_App_Deploy\data\curated_data\all_requested_seasons\player_season_stats.csv
player_season_stats_by_team,1024,68,C:\Users\a.payzant\OneDrive - DK Crown Holdings Inc\Desktop\PLL_App_Deploy\data\curated_data\all_requested_seasons\player_season_stats_by_team.parquet,C:\Users\a.payzant\OneDrive - DK Crown Holdings Inc\Desktop\PLL_App_Deploy\data\curated_data\all_requested_seasons\player_season_stats_by_team.csv
player_vs_opponent_stats,2387,67,C:\Users\a.payzant\OneDrive - DK Crown Holdings Inc\Desktop\PLL_App_Deploy\data\curated_data\all_requested_seasons\player_vs_opponent_stats.parquet,C:\Users\a.payzant\OneDrive - DK Crown Holdings Inc\Desktop\PLL_App_Deploy\data\curated_data\all_requested_seasons\player_vs_opponent_stats.csv
possession_field_quality,5,8,C:\Users\a.payzant\OneDrive - DK Crown Holdings Inc\Desktop\PLL_App_Deploy\data\curated_data\all_requested_seasons\possession_field_quality.parquet,C:\Users\a.payzant\OneDrive - DK Crown Holdings Inc\Desktop\PLL_App_Deploy\data\curated_data\all_requested_seasons\possession_field_quality.csv
quality_summary,65,5,C:\Users\a.payzant\OneDrive - DK Crown Holdings Inc\Desktop\PLL_App_Deploy\data\curated_data\all_requested_seasons\quality_summary.parquet,C:\Users\a.payzant\OneDrive - DK Crown Holdings Inc\Desktop\PLL_App_Deploy\data\curated_data\all_requested_seasons\quality_summary.csv
season_schedule_inventory,235,29,C:\Users\a.payzant\OneDrive - DK Crown Holdings Inc\Desktop\PLL_App_Deploy\data\curated_data\all_requested_seasons\season_schedule_inventory.parquet,C:\Users\a.payzant\OneDrive - DK Crown Holdings Inc\Desktop\PLL_App_Deploy\data\curated_data\all_requested_seasons\season_schedule_inventory.csv
season_slug_inventory,232,25,C:\Users\a.payzant\OneDrive - DK Crown Holdings Inc\Desktop\PLL_App_Deploy\data\curated_data\all_requested_seasons\season_slug_inventory.parquet,C:\Users\a.payzant\OneDrive - DK Crown Holdings Inc\Desktop\PLL_App_Deploy\data\curated_data\all_requested_seasons\season_slug_inventory.csv
skipped_games,0,7,C:\Users\a.payzant\OneDrive - DK Crown Holdings Inc\Desktop\PLL_App_Deploy\data\curated_data\all_requested_seasons\skipped_games.parquet,C:\Users\a.payzant\OneDrive - DK Crown Holdings Inc\Desktop\PLL_App_Deploy\data\curated_data\all_requested_seasons\skipped_games.csv
stat_slug_inventory,230,25,C:\Users\a.payzant\OneDrive - DK Crown Holdings Inc\Desktop\PLL_App_Deploy\data\curated_data\all_requested_seasons\stat_slug_inventory.parquet,C:\Users\a.payzant\OneDrive - DK Crown Holdings Inc\Desktop\PLL_App_Deploy\data\curated_data\all_requested_seasons\stat_slug_inventory.csv
team_alias_mapping,9,4,C:\Users\a.payzant\OneDrive - DK Crown Holdings Inc\Desktop\PLL_App_Deploy\data\curated_data\all_requested_seasons\team_alias_mapping.parquet,C:\Users\a.payzant\OneDrive - DK Crown Holdings Inc\Desktop\PLL_App_Deploy\data\curated_data\all_requested_seasons\team_alias_mapping.csv
team_career_stats,8,98,C:\Users\a.payzant\OneDrive - DK Crown Holdings Inc\Desktop\PLL_App_Deploy\data\curated_data\all_requested_seasons\team_career_stats.parquet,C:\Users\a.payzant\OneDrive - DK Crown Holdings Inc\Desktop\PLL_App_Deploy\data\curated_data\all_requested_seasons\team_career_stats.csv
team_defense_career_stats,8,101,C:\Users\a.payzant\OneDrive - DK Crown Holdings Inc\Desktop\PLL_App_Deploy\data\curated_data\all_requested_seasons\team_defense_career_stats.parquet,C:\Users\a.payzant\OneDrive - DK Crown Holdings Inc\Desktop\PLL_App_Deploy\data\curated_data\all_requested_seasons\team_defense_career_stats.csv
team_defense_season_stats,40,102,C:\Users\a.payzant\OneDrive - DK Crown Holdings Inc\Desktop\PLL_App_Deploy\data\curated_data\all_requested_seasons\team_defense_season_stats.parquet,C:\Users\a.payzant\OneDrive - DK Crown Holdings Inc\Desktop\PLL_App_Deploy\data\curated_data\all_requested_seasons\team_defense_season_stats.csv
team_defense_season_stats_all,40,102,C:\Users\a.payzant\OneDrive - DK Crown Holdings Inc\Desktop\PLL_App_Deploy\data\curated_data\all_requested_seasons\team_defense_season_stats_all.parquet,C:\Users\a.payzant\OneDrive - DK Crown Holdings Inc\Desktop\PLL_App_Deploy\data\curated_data\all_requested_seasons\team_defense_season_stats_all.csv
team_directory,8,3,C:\Users\a.payzant\OneDrive - DK Crown Holdings Inc\Desktop\PLL_App_Deploy\data\curated_data\all_requested_seasons\team_directory.parquet,C:\Users\a.payzant\OneDrive - DK Crown Holdings Inc\Desktop\PLL_App_Deploy\data\curated_data\all_requested_seasons\team_directory.csv
team_game_opponent_context,416,67,C:\Users\a.payzant\OneDrive - DK Crown Holdings Inc\Desktop\PLL_App_Deploy\data\curated_data\all_requested_seasons\team_game_opponent_context.parquet,C:\Users\a.payzant\OneDrive - DK Crown Holdings Inc\Desktop\PLL_App_Deploy\data\curated_data\all_requested_seasons\team_game_opponent_context.csv
team_game_possession_quality,460,35,C:\Users\a.payzant\OneDrive - DK Crown Holdings Inc\Desktop\PLL_App_Deploy\data\curated_data\all_requested_seasons\team_game_possession_quality.parquet,C:\Users\a.payzant\OneDrive - DK Crown Holdings Inc\Desktop\PLL_App_Deploy\data\curated_data\all_requested_seasons\team_game_possession_quality.csv
team_game_stats,460,85,C:\Users\a.payzant\OneDrive - DK Crown Holdings Inc\Desktop\PLL_App_Deploy\data\curated_data\all_requested_seasons\team_game_stats.parquet,C:\Users\a.payzant\OneDrive - DK Crown Holdings Inc\Desktop\PLL_App_Deploy\data\curated_data\all_requested_seasons\team_game_stats.csv
team_last10_stats,8,93,C:\Users\a.payzant\OneDrive - DK Crown Holdings Inc\Desktop\PLL_App_Deploy\data\curated_data\all_requested_seasons\team_last10_stats.parquet,C:\Users\a.payzant\OneDrive - DK Crown Holdings Inc\Desktop\PLL_App_Deploy\data\curated_data\all_requested_seasons\team_last10_stats.csv
team_last5_stats,8,93,C:\Users\a.payzant\OneDrive - DK Crown Holdings Inc\Desktop\PLL_App_Deploy\data\curated_data\all_requested_seasons\team_last5_stats.parquet,C:\Users\a.payzant\OneDrive - DK Crown Holdings Inc\Desktop\PLL_App_Deploy\data\curated_data\all_requested_seasons\team_last5_stats.csv
team_season_last10_stats,40,94,C:\Users\a.payzant\OneDrive - DK Crown Holdings Inc\Desktop\PLL_App_Deploy\data\curated_data\all_requested_seasons\team_season_last10_stats.parquet,C:\Users\a.payzant\OneDrive - DK Crown Holdings Inc\Desktop\PLL_App_Deploy\data\curated_data\all_requested_seasons\team_season_last10_stats.csv
team_season_last5_stats,40,94,C:\Users\a.payzant\OneDrive - DK Crown Holdings Inc\Desktop\PLL_App_Deploy\data\curated_data\all_requested_seasons\team_season_last5_stats.parquet,C:\Users\a.payzant\OneDrive - DK Crown Holdings Inc\Desktop\PLL_App_Deploy\data\curated_data\all_requested_seasons\team_season_last5_stats.csv
team_season_stats,40,98,C:\Users\a.payzant\OneDrive - DK Crown Holdings Inc\Desktop\PLL_App_Deploy\data\curated_data\all_requested_seasons\team_season_stats.parquet,C:\Users\a.payzant\OneDrive - DK Crown Holdings Inc\Desktop\PLL_App_Deploy\data\curated_data\all_requested_seasons\team_season_stats.csv
team_style_profiles,48,132,C:\Users\a.payzant\OneDrive - DK Crown Holdings Inc\Desktop\PLL_App_Deploy\data\curated_data\all_requested_seasons\team_style_profiles.parquet,C:\Users\a.payzant\OneDrive - DK Crown Holdings Inc\Desktop\PLL_App_Deploy\data\curated_data\all_requested_seasons\team_style_profiles.csv
team_vs_opponent_stats,56,99,C:\Users\a.payzant\OneDrive - DK Crown Holdings Inc\Desktop\PLL_App_Deploy\data\curated_data\all_requested_seasons\team_vs_opponent_stats.parquet,C:\Users\a.payzant\OneDrive - DK Crown Holdings Inc\Desktop\PLL_App_Deploy\data\curated_data\all_requested_seasons\team_vs_opponent_stats.csv
